{"loss": [0.648963212966919, 0.4564834535121918, 0.38468918204307556, 0.33541736006736755, 0.29442480206489563], "accuracy": [0.7250750064849854, 0.7934499979019165, 0.8302124738693237, 0.8525875210762024, 0.8738750219345093], "val_loss": [0.5302063822746277, 0.4822661280632019, 0.4241086542606354, 0.4847008287906647, 0.3977678120136261], "val_accuracy": [0.7620000243186951, 0.7943000197410583, 0.8134499788284302, 0.7957500219345093, 0.8340499997138977]}