{"loss": [0.7415924072265625, 0.6399608850479126, 0.5864379405975342, 0.5611876845359802, 0.5576034188270569], "accuracy": [0.722000002861023, 0.7505000233650208, 0.7672374844551086, 0.7816374897956848, 0.7832750082015991], "val_loss": [0.650894284248352, 0.6435270309448242, 0.5814173221588135, 0.5671582818031311, 0.5264768600463867], "val_accuracy": [0.7230499982833862, 0.7312999963760376, 0.7737500071525574, 0.7663000226020813, 0.7914999723434448]}